Value 1,Result, 
51,7.141428429,
972,31.17691454,
570,23.87467277,
881,29.68164416,
540,23.23790008,
368,19.18332609,
17,4.123105626,
245,15.65247584,
90,9.486832981,
732,27.05549852,
3,1.732050808,
292,17.08800749,
53,7.280109889,
925,30.41381265,
323,17.97220076,
4,2,
632,25.13961018,
809,28.44292531,