Value 1,Value 2,Result, 
224,962,4.294642857,
791,949,1.199747155,
932,226,0.24248927,
522,103,0.197318008,
532,768,1.443609023,
119,358,3.008403361,
922,574,0.622559653,
774,626,0.80878553,
718,128,0.178272981,
420,173,0.411904762,
546,10,0.018315018,
325,827,2.544615385,
784,851,1.085459184,
944,611,0.647245763,
874,209,0.239130435,
102,493,4.833333333,
701,87,0.124108417,
616,808,1.311688312,